Index,Alpha,Gamma,Reward Coef,Accuracy
1,0.7,0.7,0.0,0.6
2,0.7,0.7,1.0,1.0
3,0.7,0.7,2.0,1.0
4,0.7,0.7,3.0,1.0
5,0.7,0.7,4.0,0.8
6,0.7,0.7,5.0,0.8
7,0.7,0.7,6.0,0.8
8,0.7,0.7,7.0,0.8
9,0.7,0.7,8.0,0.8
10,0.7,0.7,9.0,0.8
11,0.7,0.7,10.0,0.8
12,0.7,0.7,11.0,0.8
13,0.7,0.7,12.0,0.8
14,0.7,0.7,13.0,0.8
15,0.7,0.7,14.0,0.8
16,0.7,0.7,15.0,0.8
17,0.7,0.7,16.0,0.8
18,0.7,0.7,17.0,0.8
19,0.7,0.7,18.0,0.8
20,0.7,0.7,19.0,0.8
21,0.7,0.7,20.0,0.8
22,0.7,0.7,21.0,0.8
23,0.7,0.7,22.0,0.8
24,0.7,0.7,23.0,0.8
25,0.7,0.7,24.0,0.6
26,0.7,0.7,25.0,0.6
27,0.7,0.7,26.0,0.6
28,0.7,0.7,27.0,0.6
29,0.7,0.7,28.0,0.6
30,0.7,0.7,29.0,0.6
31,0.7,0.7999999999999999,0.0,0.6
32,0.7,0.7999999999999999,1.0,1.0
33,0.7,0.7999999999999999,2.0,1.0
34,0.7,0.7999999999999999,3.0,1.0
35,0.7,0.7999999999999999,4.0,1.0
36,0.7,0.7999999999999999,5.0,1.0
37,0.7,0.7999999999999999,6.0,1.0
38,0.7,0.7999999999999999,7.0,1.0
39,0.7,0.7999999999999999,8.0,1.0
40,0.7,0.7999999999999999,9.0,1.0
41,0.7,0.7999999999999999,10.0,1.0
42,0.7,0.7999999999999999,11.0,1.0
43,0.7,0.7999999999999999,12.0,0.8
44,0.7,0.7999999999999999,13.0,0.8
45,0.7,0.7999999999999999,14.0,0.8
46,0.7,0.7999999999999999,15.0,0.8
47,0.7,0.7999999999999999,16.0,0.8
48,0.7,0.7999999999999999,17.0,0.8
49,0.7,0.7999999999999999,18.0,0.8
50,0.7,0.7999999999999999,19.0,0.8
51,0.7,0.7999999999999999,20.0,0.8
52,0.7,0.7999999999999999,21.0,0.8
53,0.7,0.7999999999999999,22.0,0.8
54,0.7,0.7999999999999999,23.0,0.8
55,0.7,0.7999999999999999,24.0,0.8
56,0.7,0.7999999999999999,25.0,0.8
57,0.7,0.7999999999999999,26.0,0.8
58,0.7,0.7999999999999999,27.0,0.8
59,0.7,0.7999999999999999,28.0,0.8
60,0.7,0.7999999999999999,29.0,0.8
61,0.7,0.8999999999999999,0.0,0.8
62,0.7,0.8999999999999999,1.0,0.6
63,0.7,0.8999999999999999,2.0,0.8
64,0.7,0.8999999999999999,3.0,0.6
65,0.7,0.8999999999999999,4.0,1.0
66,0.7,0.8999999999999999,5.0,0.8
67,0.7,0.8999999999999999,6.0,1.0
68,0.7,0.8999999999999999,7.0,0.8
69,0.7,0.8999999999999999,8.0,1.0
70,0.7,0.8999999999999999,9.0,1.0
71,0.7,0.8999999999999999,10.0,0.8
72,0.7,0.8999999999999999,11.0,0.8
73,0.7,0.8999999999999999,12.0,1.0
74,0.7,0.8999999999999999,13.0,1.0
75,0.7,0.8999999999999999,14.0,1.0
76,0.7,0.8999999999999999,15.0,1.0
77,0.7,0.8999999999999999,16.0,0.8
78,0.7,0.8999999999999999,17.0,1.0
79,0.7,0.8999999999999999,18.0,1.0
80,0.7,0.8999999999999999,19.0,1.0
81,0.7,0.8999999999999999,20.0,0.8
82,0.7,0.8999999999999999,21.0,1.0
83,0.7,0.8999999999999999,22.0,1.0
84,0.7,0.8999999999999999,23.0,1.0
85,0.7,0.8999999999999999,24.0,0.8
86,0.7,0.8999999999999999,25.0,0.8
87,0.7,0.8999999999999999,26.0,1.0
88,0.7,0.8999999999999999,27.0,0.8
89,0.7,0.8999999999999999,28.0,0.8
90,0.7,0.8999999999999999,29.0,0.8
91,0.7,0.9999999999999999,0.0,0.4
92,0.7,0.9999999999999999,1.0,0.4
93,0.7,0.9999999999999999,2.0,0.2
94,0.7,0.9999999999999999,3.0,0.4
95,0.7,0.9999999999999999,4.0,0.2
96,0.7,0.9999999999999999,5.0,0.4
97,0.7,0.9999999999999999,6.0,0.4
98,0.7,0.9999999999999999,7.0,0.2
99,0.7,0.9999999999999999,8.0,0.2
100,0.7,0.9999999999999999,9.0,0.2
101,0.7,0.9999999999999999,10.0,0.4
102,0.7,0.9999999999999999,11.0,0.2
103,0.7,0.9999999999999999,12.0,0.4
104,0.7,0.9999999999999999,13.0,0.2
105,0.7,0.9999999999999999,14.0,0.4
106,0.7,0.9999999999999999,15.0,0.2
107,0.7,0.9999999999999999,16.0,0.4
108,0.7,0.9999999999999999,17.0,0.2
109,0.7,0.9999999999999999,18.0,0.4
110,0.7,0.9999999999999999,19.0,0.4
111,0.7,0.9999999999999999,20.0,0.2
112,0.7,0.9999999999999999,21.0,0.4
113,0.7,0.9999999999999999,22.0,0.4
114,0.7,0.9999999999999999,23.0,0.6
115,0.7,0.9999999999999999,24.0,0.2
116,0.7,0.9999999999999999,25.0,0.6
117,0.7,0.9999999999999999,26.0,0.2
118,0.7,0.9999999999999999,27.0,0.2
119,0.7,0.9999999999999999,28.0,0.6
120,0.7,0.9999999999999999,29.0,0.2
121,0.7999999999999999,0.7,0.0,0.6
122,0.7999999999999999,0.7,1.0,1.0
123,0.7999999999999999,0.7,2.0,1.0
124,0.7999999999999999,0.7,3.0,1.0
125,0.7999999999999999,0.7,4.0,0.8
126,0.7999999999999999,0.7,5.0,0.8
127,0.7999999999999999,0.7,6.0,0.8
128,0.7999999999999999,0.7,7.0,0.8
129,0.7999999999999999,0.7,8.0,0.8
130,0.7999999999999999,0.7,9.0,0.8
131,0.7999999999999999,0.7,10.0,0.8
132,0.7999999999999999,0.7,11.0,0.8
133,0.7999999999999999,0.7,12.0,0.8
134,0.7999999999999999,0.7,13.0,0.8
135,0.7999999999999999,0.7,14.0,0.8
136,0.7999999999999999,0.7,15.0,0.8
137,0.7999999999999999,0.7,16.0,0.8
138,0.7999999999999999,0.7,17.0,0.8
139,0.7999999999999999,0.7,18.0,0.8
140,0.7999999999999999,0.7,19.0,0.8
141,0.7999999999999999,0.7,20.0,0.8
142,0.7999999999999999,0.7,21.0,0.8
143,0.7999999999999999,0.7,22.0,0.8
144,0.7999999999999999,0.7,23.0,0.8
145,0.7999999999999999,0.7,24.0,0.6
146,0.7999999999999999,0.7,25.0,0.6
147,0.7999999999999999,0.7,26.0,0.6
148,0.7999999999999999,0.7,27.0,0.6
149,0.7999999999999999,0.7,28.0,0.6
150,0.7999999999999999,0.7,29.0,0.6
151,0.7999999999999999,0.7999999999999999,0.0,0.6
152,0.7999999999999999,0.7999999999999999,1.0,1.0
153,0.7999999999999999,0.7999999999999999,2.0,1.0
154,0.7999999999999999,0.7999999999999999,3.0,1.0
155,0.7999999999999999,0.7999999999999999,4.0,1.0
156,0.7999999999999999,0.7999999999999999,5.0,1.0
157,0.7999999999999999,0.7999999999999999,6.0,1.0
158,0.7999999999999999,0.7999999999999999,7.0,1.0
159,0.7999999999999999,0.7999999999999999,8.0,1.0
160,0.7999999999999999,0.7999999999999999,9.0,1.0
161,0.7999999999999999,0.7999999999999999,10.0,1.0
162,0.7999999999999999,0.7999999999999999,11.0,1.0
163,0.7999999999999999,0.7999999999999999,12.0,0.8
164,0.7999999999999999,0.7999999999999999,13.0,0.8
165,0.7999999999999999,0.7999999999999999,14.0,0.8
166,0.7999999999999999,0.7999999999999999,15.0,0.8
167,0.7999999999999999,0.7999999999999999,16.0,0.8
168,0.7999999999999999,0.7999999999999999,17.0,0.8
169,0.7999999999999999,0.7999999999999999,18.0,0.8
170,0.7999999999999999,0.7999999999999999,19.0,0.8
171,0.7999999999999999,0.7999999999999999,20.0,0.8
172,0.7999999999999999,0.7999999999999999,21.0,0.8
173,0.7999999999999999,0.7999999999999999,22.0,0.8
174,0.7999999999999999,0.7999999999999999,23.0,0.8
175,0.7999999999999999,0.7999999999999999,24.0,0.8
176,0.7999999999999999,0.7999999999999999,25.0,0.8
177,0.7999999999999999,0.7999999999999999,26.0,0.8
178,0.7999999999999999,0.7999999999999999,27.0,0.8
179,0.7999999999999999,0.7999999999999999,28.0,0.8
180,0.7999999999999999,0.7999999999999999,29.0,0.8
181,0.7999999999999999,0.8999999999999999,0.0,0.6
182,0.7999999999999999,0.8999999999999999,1.0,1.0
183,0.7999999999999999,0.8999999999999999,2.0,1.0
184,0.7999999999999999,0.8999999999999999,3.0,1.0
185,0.7999999999999999,0.8999999999999999,4.0,0.8
186,0.7999999999999999,0.8999999999999999,5.0,1.0
187,0.7999999999999999,0.8999999999999999,6.0,1.0
188,0.7999999999999999,0.8999999999999999,7.0,1.0
189,0.7999999999999999,0.8999999999999999,8.0,1.0
190,0.7999999999999999,0.8999999999999999,9.0,1.0
191,0.7999999999999999,0.8999999999999999,10.0,0.8
192,0.7999999999999999,0.8999999999999999,11.0,1.0
193,0.7999999999999999,0.8999999999999999,12.0,1.0
194,0.7999999999999999,0.8999999999999999,13.0,1.0
195,0.7999999999999999,0.8999999999999999,14.0,1.0
196,0.7999999999999999,0.8999999999999999,15.0,1.0
197,0.7999999999999999,0.8999999999999999,16.0,1.0
198,0.7999999999999999,0.8999999999999999,17.0,1.0
199,0.7999999999999999,0.8999999999999999,18.0,1.0
200,0.7999999999999999,0.8999999999999999,19.0,1.0
201,0.7999999999999999,0.8999999999999999,20.0,1.0
202,0.7999999999999999,0.8999999999999999,21.0,1.0
203,0.7999999999999999,0.8999999999999999,22.0,1.0
204,0.7999999999999999,0.8999999999999999,23.0,1.0
205,0.7999999999999999,0.8999999999999999,24.0,1.0
206,0.7999999999999999,0.8999999999999999,25.0,1.0
207,0.7999999999999999,0.8999999999999999,26.0,1.0
208,0.7999999999999999,0.8999999999999999,27.0,1.0
209,0.7999999999999999,0.8999999999999999,28.0,1.0
210,0.7999999999999999,0.8999999999999999,29.0,0.8
211,0.7999999999999999,0.9999999999999999,0.0,0.2
212,0.7999999999999999,0.9999999999999999,1.0,0.2
213,0.7999999999999999,0.9999999999999999,2.0,0.2
214,0.7999999999999999,0.9999999999999999,3.0,0.4
215,0.7999999999999999,0.9999999999999999,4.0,0.4
216,0.7999999999999999,0.9999999999999999,5.0,0.4
217,0.7999999999999999,0.9999999999999999,6.0,0.4
218,0.7999999999999999,0.9999999999999999,7.0,0.4
219,0.7999999999999999,0.9999999999999999,8.0,0.2
220,0.7999999999999999,0.9999999999999999,9.0,0.4
221,0.7999999999999999,0.9999999999999999,10.0,0.4
222,0.7999999999999999,0.9999999999999999,11.0,0.0
223,0.7999999999999999,0.9999999999999999,12.0,0.4
224,0.7999999999999999,0.9999999999999999,13.0,0.4
225,0.7999999999999999,0.9999999999999999,14.0,0.4
226,0.7999999999999999,0.9999999999999999,15.0,0.6
227,0.7999999999999999,0.9999999999999999,16.0,0.4
228,0.7999999999999999,0.9999999999999999,17.0,0.2
229,0.7999999999999999,0.9999999999999999,18.0,0.2
230,0.7999999999999999,0.9999999999999999,19.0,0.4
231,0.7999999999999999,0.9999999999999999,20.0,0.4
232,0.7999999999999999,0.9999999999999999,21.0,0.2
233,0.7999999999999999,0.9999999999999999,22.0,0.0
234,0.7999999999999999,0.9999999999999999,23.0,0.6
235,0.7999999999999999,0.9999999999999999,24.0,0.2
236,0.7999999999999999,0.9999999999999999,25.0,0.4
237,0.7999999999999999,0.9999999999999999,26.0,0.2
238,0.7999999999999999,0.9999999999999999,27.0,0.2
239,0.7999999999999999,0.9999999999999999,28.0,0.2
240,0.7999999999999999,0.9999999999999999,29.0,0.2
241,0.8999999999999999,0.7,0.0,0.6
242,0.8999999999999999,0.7,1.0,1.0
243,0.8999999999999999,0.7,2.0,1.0
244,0.8999999999999999,0.7,3.0,1.0
245,0.8999999999999999,0.7,4.0,0.8
246,0.8999999999999999,0.7,5.0,0.8
247,0.8999999999999999,0.7,6.0,0.8
248,0.8999999999999999,0.7,7.0,0.8
249,0.8999999999999999,0.7,8.0,0.8
250,0.8999999999999999,0.7,9.0,0.8
251,0.8999999999999999,0.7,10.0,0.8
252,0.8999999999999999,0.7,11.0,0.8
253,0.8999999999999999,0.7,12.0,0.8
254,0.8999999999999999,0.7,13.0,0.8
255,0.8999999999999999,0.7,14.0,0.8
256,0.8999999999999999,0.7,15.0,0.8
257,0.8999999999999999,0.7,16.0,0.8
258,0.8999999999999999,0.7,17.0,0.8
259,0.8999999999999999,0.7,18.0,0.8
260,0.8999999999999999,0.7,19.0,0.8
261,0.8999999999999999,0.7,20.0,0.8
262,0.8999999999999999,0.7,21.0,0.8
263,0.8999999999999999,0.7,22.0,0.8
264,0.8999999999999999,0.7,23.0,0.8
265,0.8999999999999999,0.7,24.0,0.6
266,0.8999999999999999,0.7,25.0,0.6
267,0.8999999999999999,0.7,26.0,0.6
268,0.8999999999999999,0.7,27.0,0.6
269,0.8999999999999999,0.7,28.0,0.6
270,0.8999999999999999,0.7,29.0,0.6
271,0.8999999999999999,0.7999999999999999,0.0,0.8
272,0.8999999999999999,0.7999999999999999,1.0,1.0
273,0.8999999999999999,0.7999999999999999,2.0,1.0
274,0.8999999999999999,0.7999999999999999,3.0,1.0
275,0.8999999999999999,0.7999999999999999,4.0,1.0
276,0.8999999999999999,0.7999999999999999,5.0,1.0
277,0.8999999999999999,0.7999999999999999,6.0,1.0
278,0.8999999999999999,0.7999999999999999,7.0,1.0
279,0.8999999999999999,0.7999999999999999,8.0,1.0
280,0.8999999999999999,0.7999999999999999,9.0,1.0
281,0.8999999999999999,0.7999999999999999,10.0,1.0
282,0.8999999999999999,0.7999999999999999,11.0,1.0
283,0.8999999999999999,0.7999999999999999,12.0,0.8
284,0.8999999999999999,0.7999999999999999,13.0,0.8
285,0.8999999999999999,0.7999999999999999,14.0,0.8
286,0.8999999999999999,0.7999999999999999,15.0,0.8
287,0.8999999999999999,0.7999999999999999,16.0,0.8
288,0.8999999999999999,0.7999999999999999,17.0,0.8
289,0.8999999999999999,0.7999999999999999,18.0,0.8
290,0.8999999999999999,0.7999999999999999,19.0,0.8
291,0.8999999999999999,0.7999999999999999,20.0,0.8
292,0.8999999999999999,0.7999999999999999,21.0,0.8
293,0.8999999999999999,0.7999999999999999,22.0,0.8
294,0.8999999999999999,0.7999999999999999,23.0,0.8
295,0.8999999999999999,0.7999999999999999,24.0,0.8
296,0.8999999999999999,0.7999999999999999,25.0,0.8
297,0.8999999999999999,0.7999999999999999,26.0,0.8
298,0.8999999999999999,0.7999999999999999,27.0,0.8
299,0.8999999999999999,0.7999999999999999,28.0,0.8
300,0.8999999999999999,0.7999999999999999,29.0,0.8
301,0.8999999999999999,0.8999999999999999,0.0,0.6
302,0.8999999999999999,0.8999999999999999,1.0,0.8
303,0.8999999999999999,0.8999999999999999,2.0,1.0
304,0.8999999999999999,0.8999999999999999,3.0,0.8
305,0.8999999999999999,0.8999999999999999,4.0,1.0
306,0.8999999999999999,0.8999999999999999,5.0,1.0
307,0.8999999999999999,0.8999999999999999,6.0,1.0
308,0.8999999999999999,0.8999999999999999,7.0,1.0
309,0.8999999999999999,0.8999999999999999,8.0,1.0
310,0.8999999999999999,0.8999999999999999,9.0,1.0
311,0.8999999999999999,0.8999999999999999,10.0,1.0
312,0.8999999999999999,0.8999999999999999,11.0,1.0
313,0.8999999999999999,0.8999999999999999,12.0,1.0
314,0.8999999999999999,0.8999999999999999,13.0,1.0
315,0.8999999999999999,0.8999999999999999,14.0,1.0
316,0.8999999999999999,0.8999999999999999,15.0,1.0
317,0.8999999999999999,0.8999999999999999,16.0,1.0
318,0.8999999999999999,0.8999999999999999,17.0,0.8
319,0.8999999999999999,0.8999999999999999,18.0,1.0
320,0.8999999999999999,0.8999999999999999,19.0,1.0
321,0.8999999999999999,0.8999999999999999,20.0,1.0
322,0.8999999999999999,0.8999999999999999,21.0,1.0
323,0.8999999999999999,0.8999999999999999,22.0,0.8
324,0.8999999999999999,0.8999999999999999,23.0,1.0
325,0.8999999999999999,0.8999999999999999,24.0,1.0
326,0.8999999999999999,0.8999999999999999,25.0,1.0
327,0.8999999999999999,0.8999999999999999,26.0,1.0
328,0.8999999999999999,0.8999999999999999,27.0,1.0
329,0.8999999999999999,0.8999999999999999,28.0,0.8
330,0.8999999999999999,0.8999999999999999,29.0,0.8
331,0.8999999999999999,0.9999999999999999,0.0,0.6
332,0.8999999999999999,0.9999999999999999,1.0,0.2
333,0.8999999999999999,0.9999999999999999,2.0,0.4
334,0.8999999999999999,0.9999999999999999,3.0,0.6
335,0.8999999999999999,0.9999999999999999,4.0,0.6
336,0.8999999999999999,0.9999999999999999,5.0,0.4
337,0.8999999999999999,0.9999999999999999,6.0,0.2
338,0.8999999999999999,0.9999999999999999,7.0,0.2
339,0.8999999999999999,0.9999999999999999,8.0,0.0
340,0.8999999999999999,0.9999999999999999,9.0,0.2
341,0.8999999999999999,0.9999999999999999,10.0,0.2
342,0.8999999999999999,0.9999999999999999,11.0,0.0
343,0.8999999999999999,0.9999999999999999,12.0,0.2
344,0.8999999999999999,0.9999999999999999,13.0,0.2
345,0.8999999999999999,0.9999999999999999,14.0,0.0
346,0.8999999999999999,0.9999999999999999,15.0,0.4
347,0.8999999999999999,0.9999999999999999,16.0,0.2
348,0.8999999999999999,0.9999999999999999,17.0,0.2
349,0.8999999999999999,0.9999999999999999,18.0,0.2
350,0.8999999999999999,0.9999999999999999,19.0,0.2
351,0.8999999999999999,0.9999999999999999,20.0,0.4
352,0.8999999999999999,0.9999999999999999,21.0,0.2
353,0.8999999999999999,0.9999999999999999,22.0,0.4
354,0.8999999999999999,0.9999999999999999,23.0,0.4
355,0.8999999999999999,0.9999999999999999,24.0,0.2
356,0.8999999999999999,0.9999999999999999,25.0,0.2
357,0.8999999999999999,0.9999999999999999,26.0,0.0
358,0.8999999999999999,0.9999999999999999,27.0,0.2
359,0.8999999999999999,0.9999999999999999,28.0,0.2
360,0.8999999999999999,0.9999999999999999,29.0,0.2
361,0.9999999999999999,0.7,0.0,0.8
362,0.9999999999999999,0.7,1.0,1.0
363,0.9999999999999999,0.7,2.0,1.0
364,0.9999999999999999,0.7,3.0,1.0
365,0.9999999999999999,0.7,4.0,0.8
366,0.9999999999999999,0.7,5.0,0.8
367,0.9999999999999999,0.7,6.0,0.8
368,0.9999999999999999,0.7,7.0,0.8
369,0.9999999999999999,0.7,8.0,0.8
370,0.9999999999999999,0.7,9.0,0.8
371,0.9999999999999999,0.7,10.0,0.8
372,0.9999999999999999,0.7,11.0,0.8
373,0.9999999999999999,0.7,12.0,0.8
374,0.9999999999999999,0.7,13.0,0.8
375,0.9999999999999999,0.7,14.0,0.8
376,0.9999999999999999,0.7,15.0,0.8
377,0.9999999999999999,0.7,16.0,0.8
378,0.9999999999999999,0.7,17.0,0.8
379,0.9999999999999999,0.7,18.0,0.8
380,0.9999999999999999,0.7,19.0,0.8
381,0.9999999999999999,0.7,20.0,0.8
382,0.9999999999999999,0.7,21.0,0.8
383,0.9999999999999999,0.7,22.0,0.8
384,0.9999999999999999,0.7,23.0,0.8
385,0.9999999999999999,0.7,24.0,0.6
386,0.9999999999999999,0.7,25.0,0.6
387,0.9999999999999999,0.7,26.0,0.6
388,0.9999999999999999,0.7,27.0,0.6
389,0.9999999999999999,0.7,28.0,0.6
390,0.9999999999999999,0.7,29.0,0.6
391,0.9999999999999999,0.7999999999999999,0.0,0.8
392,0.9999999999999999,0.7999999999999999,1.0,1.0
393,0.9999999999999999,0.7999999999999999,2.0,1.0
394,0.9999999999999999,0.7999999999999999,3.0,1.0
395,0.9999999999999999,0.7999999999999999,4.0,1.0
396,0.9999999999999999,0.7999999999999999,5.0,1.0
397,0.9999999999999999,0.7999999999999999,6.0,1.0
398,0.9999999999999999,0.7999999999999999,7.0,1.0
399,0.9999999999999999,0.7999999999999999,8.0,1.0
400,0.9999999999999999,0.7999999999999999,9.0,1.0
401,0.9999999999999999,0.7999999999999999,10.0,1.0
402,0.9999999999999999,0.7999999999999999,11.0,1.0
403,0.9999999999999999,0.7999999999999999,12.0,0.8
404,0.9999999999999999,0.7999999999999999,13.0,0.8
405,0.9999999999999999,0.7999999999999999,14.0,0.8
406,0.9999999999999999,0.7999999999999999,15.0,0.8
407,0.9999999999999999,0.7999999999999999,16.0,0.8
408,0.9999999999999999,0.7999999999999999,17.0,0.8
409,0.9999999999999999,0.7999999999999999,18.0,0.8
410,0.9999999999999999,0.7999999999999999,19.0,0.8
411,0.9999999999999999,0.7999999999999999,20.0,0.8
412,0.9999999999999999,0.7999999999999999,21.0,0.8
413,0.9999999999999999,0.7999999999999999,22.0,0.8
414,0.9999999999999999,0.7999999999999999,23.0,0.8
415,0.9999999999999999,0.7999999999999999,24.0,0.8
416,0.9999999999999999,0.7999999999999999,25.0,0.8
417,0.9999999999999999,0.7999999999999999,26.0,0.8
418,0.9999999999999999,0.7999999999999999,27.0,0.8
419,0.9999999999999999,0.7999999999999999,28.0,0.8
420,0.9999999999999999,0.7999999999999999,29.0,0.8
421,0.9999999999999999,0.8999999999999999,0.0,0.8
422,0.9999999999999999,0.8999999999999999,1.0,1.0
423,0.9999999999999999,0.8999999999999999,2.0,1.0
424,0.9999999999999999,0.8999999999999999,3.0,1.0
425,0.9999999999999999,0.8999999999999999,4.0,1.0
426,0.9999999999999999,0.8999999999999999,5.0,1.0
427,0.9999999999999999,0.8999999999999999,6.0,0.8
428,0.9999999999999999,0.8999999999999999,7.0,1.0
429,0.9999999999999999,0.8999999999999999,8.0,1.0
430,0.9999999999999999,0.8999999999999999,9.0,1.0
431,0.9999999999999999,0.8999999999999999,10.0,1.0
432,0.9999999999999999,0.8999999999999999,11.0,1.0
433,0.9999999999999999,0.8999999999999999,12.0,1.0
434,0.9999999999999999,0.8999999999999999,13.0,1.0
435,0.9999999999999999,0.8999999999999999,14.0,1.0
436,0.9999999999999999,0.8999999999999999,15.0,1.0
437,0.9999999999999999,0.8999999999999999,16.0,1.0
438,0.9999999999999999,0.8999999999999999,17.0,1.0
439,0.9999999999999999,0.8999999999999999,18.0,1.0
440,0.9999999999999999,0.8999999999999999,19.0,1.0
441,0.9999999999999999,0.8999999999999999,20.0,1.0
442,0.9999999999999999,0.8999999999999999,21.0,1.0
443,0.9999999999999999,0.8999999999999999,22.0,1.0
444,0.9999999999999999,0.8999999999999999,23.0,1.0
445,0.9999999999999999,0.8999999999999999,24.0,1.0
446,0.9999999999999999,0.8999999999999999,25.0,1.0
447,0.9999999999999999,0.8999999999999999,26.0,1.0
448,0.9999999999999999,0.8999999999999999,27.0,0.8
449,0.9999999999999999,0.8999999999999999,28.0,1.0
450,0.9999999999999999,0.8999999999999999,29.0,0.8
451,0.9999999999999999,0.9999999999999999,0.0,0.6
452,0.9999999999999999,0.9999999999999999,1.0,0.0
453,0.9999999999999999,0.9999999999999999,2.0,0.0
454,0.9999999999999999,0.9999999999999999,3.0,0.0
455,0.9999999999999999,0.9999999999999999,4.0,0.0
456,0.9999999999999999,0.9999999999999999,5.0,0.2
457,0.9999999999999999,0.9999999999999999,6.0,0.0
458,0.9999999999999999,0.9999999999999999,7.0,0.2
459,0.9999999999999999,0.9999999999999999,8.0,0.0
460,0.9999999999999999,0.9999999999999999,9.0,0.2
461,0.9999999999999999,0.9999999999999999,10.0,0.0
462,0.9999999999999999,0.9999999999999999,11.0,0.0
463,0.9999999999999999,0.9999999999999999,12.0,0.0
464,0.9999999999999999,0.9999999999999999,13.0,0.0
465,0.9999999999999999,0.9999999999999999,14.0,0.0
466,0.9999999999999999,0.9999999999999999,15.0,0.0
467,0.9999999999999999,0.9999999999999999,16.0,0.0
468,0.9999999999999999,0.9999999999999999,17.0,0.2
469,0.9999999999999999,0.9999999999999999,18.0,0.0
470,0.9999999999999999,0.9999999999999999,19.0,0.2
471,0.9999999999999999,0.9999999999999999,20.0,0.0
472,0.9999999999999999,0.9999999999999999,21.0,0.2
473,0.9999999999999999,0.9999999999999999,22.0,0.0
474,0.9999999999999999,0.9999999999999999,23.0,0.2
475,0.9999999999999999,0.9999999999999999,24.0,0.0
476,0.9999999999999999,0.9999999999999999,25.0,0.0
477,0.9999999999999999,0.9999999999999999,26.0,0.2
478,0.9999999999999999,0.9999999999999999,27.0,0.2
479,0.9999999999999999,0.9999999999999999,28.0,0.0
480,0.9999999999999999,0.9999999999999999,29.0,0.0
481,0.7,0.7,0.0,0.6
482,0.7,0.7,1.0,1.0
483,0.7,0.7,2.0,1.0
484,0.7,0.7,3.0,1.0
485,0.7,0.7,4.0,0.8
486,0.7,0.7,5.0,0.8
487,0.7,0.7,6.0,0.8
488,0.7,0.7,7.0,0.8
489,0.7,0.7,8.0,0.8
490,0.7,0.7,9.0,0.8
491,0.7,0.7,10.0,0.8
492,0.7,0.7,11.0,0.8
493,0.7,0.7,12.0,0.8
494,0.7,0.7,13.0,0.8
495,0.7,0.7,14.0,0.8
496,0.7,0.7,15.0,0.8
497,0.7,0.7,16.0,0.8
498,0.7,0.7,17.0,0.8
499,0.7,0.7,18.0,0.8
500,0.7,0.7,19.0,0.8
501,0.7,0.7,20.0,0.8
502,0.7,0.7,21.0,0.8
503,0.7,0.7,22.0,0.8
504,0.7,0.7,23.0,0.8
505,0.7,0.7,24.0,0.6
506,0.7,0.7,25.0,0.6
507,0.7,0.7,26.0,0.6
508,0.7,0.7,27.0,0.6
509,0.7,0.7,28.0,0.6
510,0.7,0.7,29.0,0.6
511,0.7,0.7999999999999999,0.0,0.6
512,0.7,0.7999999999999999,1.0,1.0
513,0.7,0.7999999999999999,2.0,1.0
514,0.7,0.7999999999999999,3.0,1.0
515,0.7,0.7999999999999999,4.0,1.0
516,0.7,0.7999999999999999,5.0,1.0
517,0.7,0.7999999999999999,6.0,1.0
518,0.7,0.7999999999999999,7.0,1.0
519,0.7,0.7999999999999999,8.0,1.0
520,0.7,0.7999999999999999,9.0,1.0
521,0.7,0.7999999999999999,10.0,1.0
522,0.7,0.7999999999999999,11.0,1.0
523,0.7,0.7999999999999999,12.0,0.8
524,0.7,0.7999999999999999,13.0,0.8
525,0.7,0.7999999999999999,14.0,0.8
526,0.7,0.7999999999999999,15.0,0.8
527,0.7,0.7999999999999999,16.0,0.8
528,0.7,0.7999999999999999,17.0,0.8
529,0.7,0.7999999999999999,18.0,0.8
530,0.7,0.7999999999999999,19.0,0.8
531,0.7,0.7999999999999999,20.0,0.8
532,0.7,0.7999999999999999,21.0,0.8
533,0.7,0.7999999999999999,22.0,0.8
534,0.7,0.7999999999999999,23.0,0.8
535,0.7,0.7999999999999999,24.0,0.8
536,0.7,0.7999999999999999,25.0,0.8
537,0.7,0.7999999999999999,26.0,0.8
538,0.7,0.7999999999999999,27.0,0.8
539,0.7,0.7999999999999999,28.0,0.8
540,0.7,0.7999999999999999,29.0,0.8
541,0.7,0.8999999999999999,0.0,0.6
542,0.7,0.8999999999999999,1.0,0.6
543,0.7,0.8999999999999999,2.0,0.8
544,0.7,0.8999999999999999,3.0,1.0
545,0.7,0.8999999999999999,4.0,1.0
546,0.7,0.8999999999999999,5.0,0.8
547,0.7,0.8999999999999999,6.0,0.8
548,0.7,0.8999999999999999,7.0,1.0
549,0.7,0.8999999999999999,8.0,1.0
550,0.7,0.8999999999999999,9.0,1.0
551,0.7,0.8999999999999999,10.0,1.0
552,0.7,0.8999999999999999,11.0,0.8
553,0.7,0.8999999999999999,12.0,0.8
554,0.7,0.8999999999999999,13.0,1.0
555,0.7,0.8999999999999999,14.0,1.0
556,0.7,0.8999999999999999,15.0,1.0
557,0.7,0.8999999999999999,16.0,1.0
558,0.7,0.8999999999999999,17.0,0.8
559,0.7,0.8999999999999999,18.0,1.0
560,0.7,0.8999999999999999,19.0,0.8
561,0.7,0.8999999999999999,20.0,1.0
562,0.7,0.8999999999999999,21.0,1.0
563,0.7,0.8999999999999999,22.0,0.8
564,0.7,0.8999999999999999,23.0,0.8
565,0.7,0.8999999999999999,24.0,1.0
566,0.7,0.8999999999999999,25.0,1.0
567,0.7,0.8999999999999999,26.0,0.8
568,0.7,0.8999999999999999,27.0,1.0
569,0.7,0.8999999999999999,28.0,1.0
570,0.7,0.8999999999999999,29.0,0.8
571,0.7,0.9999999999999999,0.0,0.8
572,0.7,0.9999999999999999,1.0,0.2
573,0.7,0.9999999999999999,2.0,0.2
574,0.7,0.9999999999999999,3.0,0.2
575,0.7,0.9999999999999999,4.0,0.6
576,0.7,0.9999999999999999,5.0,0.8
577,0.7,0.9999999999999999,6.0,0.4
578,0.7,0.9999999999999999,7.0,0.6
579,0.7,0.9999999999999999,8.0,0.2
580,0.7,0.9999999999999999,9.0,0.8
581,0.7,0.9999999999999999,10.0,0.4
582,0.7,0.9999999999999999,11.0,0.2
583,0.7,0.9999999999999999,12.0,0.2
584,0.7,0.9999999999999999,13.0,0.8
585,0.7,0.9999999999999999,14.0,0.4
586,0.7,0.9999999999999999,15.0,0.6
587,0.7,0.9999999999999999,16.0,0.2
588,0.7,0.9999999999999999,17.0,0.4
589,0.7,0.9999999999999999,18.0,0.2
590,0.7,0.9999999999999999,19.0,0.4
591,0.7,0.9999999999999999,20.0,0.2
592,0.7,0.9999999999999999,21.0,0.4
593,0.7,0.9999999999999999,22.0,0.6
594,0.7,0.9999999999999999,23.0,0.4
595,0.7,0.9999999999999999,24.0,0.4
596,0.7,0.9999999999999999,25.0,0.4
597,0.7,0.9999999999999999,26.0,0.2
598,0.7,0.9999999999999999,27.0,0.4
599,0.7,0.9999999999999999,28.0,0.4
600,0.7,0.9999999999999999,29.0,0.4
601,0.7999999999999999,0.7,0.0,1.0
602,0.7999999999999999,0.7,1.0,1.0
603,0.7999999999999999,0.7,2.0,1.0
604,0.7999999999999999,0.7,3.0,1.0
605,0.7999999999999999,0.7,4.0,0.8
606,0.7999999999999999,0.7,5.0,0.8
607,0.7999999999999999,0.7,6.0,0.8
608,0.7999999999999999,0.7,7.0,0.8
609,0.7999999999999999,0.7,8.0,0.8
610,0.7999999999999999,0.7,9.0,0.8
611,0.7999999999999999,0.7,10.0,0.8
612,0.7999999999999999,0.7,11.0,0.8
613,0.7999999999999999,0.7,12.0,0.8
614,0.7999999999999999,0.7,13.0,0.8
615,0.7999999999999999,0.7,14.0,0.8
616,0.7999999999999999,0.7,15.0,0.8
617,0.7999999999999999,0.7,16.0,0.8
618,0.7999999999999999,0.7,17.0,0.8
619,0.7999999999999999,0.7,18.0,0.8
620,0.7999999999999999,0.7,19.0,0.8
621,0.7999999999999999,0.7,20.0,0.8
622,0.7999999999999999,0.7,21.0,0.8
623,0.7999999999999999,0.7,22.0,0.8
624,0.7999999999999999,0.7,23.0,0.8
625,0.7999999999999999,0.7,24.0,0.6
626,0.7999999999999999,0.7,25.0,0.6
627,0.7999999999999999,0.7,26.0,0.6
628,0.7999999999999999,0.7,27.0,0.6
629,0.7999999999999999,0.7,28.0,0.6
630,0.7999999999999999,0.7,29.0,0.6
631,0.7999999999999999,0.7999999999999999,0.0,0.6
632,0.7999999999999999,0.7999999999999999,1.0,1.0
633,0.7999999999999999,0.7999999999999999,2.0,1.0
634,0.7999999999999999,0.7999999999999999,3.0,1.0
635,0.7999999999999999,0.7999999999999999,4.0,1.0
636,0.7999999999999999,0.7999999999999999,5.0,1.0
637,0.7999999999999999,0.7999999999999999,6.0,1.0
638,0.7999999999999999,0.7999999999999999,7.0,1.0
639,0.7999999999999999,0.7999999999999999,8.0,1.0
640,0.7999999999999999,0.7999999999999999,9.0,1.0
641,0.7999999999999999,0.7999999999999999,10.0,1.0
642,0.7999999999999999,0.7999999999999999,11.0,1.0
643,0.7999999999999999,0.7999999999999999,12.0,0.8
644,0.7999999999999999,0.7999999999999999,13.0,0.8
645,0.7999999999999999,0.7999999999999999,14.0,0.8
646,0.7999999999999999,0.7999999999999999,15.0,0.8
647,0.7999999999999999,0.7999999999999999,16.0,0.8
648,0.7999999999999999,0.7999999999999999,17.0,0.8
649,0.7999999999999999,0.7999999999999999,18.0,0.8
650,0.7999999999999999,0.7999999999999999,19.0,0.8
651,0.7999999999999999,0.7999999999999999,20.0,0.8
652,0.7999999999999999,0.7999999999999999,21.0,0.8
653,0.7999999999999999,0.7999999999999999,22.0,0.8
654,0.7999999999999999,0.7999999999999999,23.0,0.8
655,0.7999999999999999,0.7999999999999999,24.0,0.8
656,0.7999999999999999,0.7999999999999999,25.0,0.8
657,0.7999999999999999,0.7999999999999999,26.0,0.8
658,0.7999999999999999,0.7999999999999999,27.0,0.8
659,0.7999999999999999,0.7999999999999999,28.0,0.8
660,0.7999999999999999,0.7999999999999999,29.0,0.8
661,0.7999999999999999,0.8999999999999999,0.0,0.8
662,0.7999999999999999,0.8999999999999999,1.0,0.8
663,0.7999999999999999,0.8999999999999999,2.0,1.0
664,0.7999999999999999,0.8999999999999999,3.0,0.8
665,0.7999999999999999,0.8999999999999999,4.0,1.0
666,0.7999999999999999,0.8999999999999999,5.0,0.8
667,0.7999999999999999,0.8999999999999999,6.0,0.8
668,0.7999999999999999,0.8999999999999999,7.0,0.8
669,0.7999999999999999,0.8999999999999999,8.0,1.0
670,0.7999999999999999,0.8999999999999999,9.0,1.0
671,0.7999999999999999,0.8999999999999999,10.0,0.8
672,0.7999999999999999,0.8999999999999999,11.0,0.8
673,0.7999999999999999,0.8999999999999999,12.0,1.0
674,0.7999999999999999,0.8999999999999999,13.0,1.0
675,0.7999999999999999,0.8999999999999999,14.0,1.0
676,0.7999999999999999,0.8999999999999999,15.0,1.0
677,0.7999999999999999,0.8999999999999999,16.0,1.0
678,0.7999999999999999,0.8999999999999999,17.0,1.0
679,0.7999999999999999,0.8999999999999999,18.0,1.0
680,0.7999999999999999,0.8999999999999999,19.0,1.0
681,0.7999999999999999,0.8999999999999999,20.0,1.0
682,0.7999999999999999,0.8999999999999999,21.0,1.0
683,0.7999999999999999,0.8999999999999999,22.0,1.0
684,0.7999999999999999,0.8999999999999999,23.0,0.8
685,0.7999999999999999,0.8999999999999999,24.0,1.0
686,0.7999999999999999,0.8999999999999999,25.0,1.0
687,0.7999999999999999,0.8999999999999999,26.0,1.0
688,0.7999999999999999,0.8999999999999999,27.0,1.0
689,0.7999999999999999,0.8999999999999999,28.0,1.0
690,0.7999999999999999,0.8999999999999999,29.0,0.8
691,0.7999999999999999,0.9999999999999999,0.0,0.6
692,0.7999999999999999,0.9999999999999999,1.0,0.2
693,0.7999999999999999,0.9999999999999999,2.0,0.4
694,0.7999999999999999,0.9999999999999999,3.0,0.4
695,0.7999999999999999,0.9999999999999999,4.0,0.2
696,0.7999999999999999,0.9999999999999999,5.0,0.2
697,0.7999999999999999,0.9999999999999999,6.0,0.4
698,0.7999999999999999,0.9999999999999999,7.0,0.4
699,0.7999999999999999,0.9999999999999999,8.0,0.4
700,0.7999999999999999,0.9999999999999999,9.0,0.4
701,0.7999999999999999,0.9999999999999999,10.0,0.4
702,0.7999999999999999,0.9999999999999999,11.0,0.0
703,0.7999999999999999,0.9999999999999999,12.0,0.2
704,0.7999999999999999,0.9999999999999999,13.0,0.2
705,0.7999999999999999,0.9999999999999999,14.0,0.6
706,0.7999999999999999,0.9999999999999999,15.0,0.2
707,0.7999999999999999,0.9999999999999999,16.0,0.0
708,0.7999999999999999,0.9999999999999999,17.0,0.4
709,0.7999999999999999,0.9999999999999999,18.0,0.2
710,0.7999999999999999,0.9999999999999999,19.0,0.6
711,0.7999999999999999,0.9999999999999999,20.0,0.2
712,0.7999999999999999,0.9999999999999999,21.0,0.0
713,0.7999999999999999,0.9999999999999999,22.0,0.2
714,0.7999999999999999,0.9999999999999999,23.0,0.2
715,0.7999999999999999,0.9999999999999999,24.0,0.0
716,0.7999999999999999,0.9999999999999999,25.0,0.0
717,0.7999999999999999,0.9999999999999999,26.0,0.2
718,0.7999999999999999,0.9999999999999999,27.0,0.2
719,0.7999999999999999,0.9999999999999999,28.0,0.4
720,0.7999999999999999,0.9999999999999999,29.0,0.2
721,0.8999999999999999,0.7,0.0,0.6
722,0.8999999999999999,0.7,1.0,1.0
723,0.8999999999999999,0.7,2.0,1.0
724,0.8999999999999999,0.7,3.0,1.0
725,0.8999999999999999,0.7,4.0,0.8
726,0.8999999999999999,0.7,5.0,0.8
727,0.8999999999999999,0.7,6.0,0.8
728,0.8999999999999999,0.7,7.0,0.8
729,0.8999999999999999,0.7,8.0,0.8
730,0.8999999999999999,0.7,9.0,0.8
731,0.8999999999999999,0.7,10.0,0.8
732,0.8999999999999999,0.7,11.0,0.8
733,0.8999999999999999,0.7,12.0,0.8
734,0.8999999999999999,0.7,13.0,0.8
735,0.8999999999999999,0.7,14.0,0.8
736,0.8999999999999999,0.7,15.0,0.8
737,0.8999999999999999,0.7,16.0,0.8
738,0.8999999999999999,0.7,17.0,0.8
739,0.8999999999999999,0.7,18.0,0.8
740,0.8999999999999999,0.7,19.0,0.8
741,0.8999999999999999,0.7,20.0,0.8
742,0.8999999999999999,0.7,21.0,0.8
743,0.8999999999999999,0.7,22.0,0.8
744,0.8999999999999999,0.7,23.0,0.8
745,0.8999999999999999,0.7,24.0,0.6
746,0.8999999999999999,0.7,25.0,0.6
747,0.8999999999999999,0.7,26.0,0.6
748,0.8999999999999999,0.7,27.0,0.6
749,0.8999999999999999,0.7,28.0,0.6
750,0.8999999999999999,0.7,29.0,0.6
751,0.8999999999999999,0.7999999999999999,0.0,0.8
752,0.8999999999999999,0.7999999999999999,1.0,1.0
753,0.8999999999999999,0.7999999999999999,2.0,1.0
754,0.8999999999999999,0.7999999999999999,3.0,1.0
755,0.8999999999999999,0.7999999999999999,4.0,1.0
756,0.8999999999999999,0.7999999999999999,5.0,1.0
757,0.8999999999999999,0.7999999999999999,6.0,1.0
758,0.8999999999999999,0.7999999999999999,7.0,1.0
759,0.8999999999999999,0.7999999999999999,8.0,1.0
760,0.8999999999999999,0.7999999999999999,9.0,1.0
761,0.8999999999999999,0.7999999999999999,10.0,1.0
762,0.8999999999999999,0.7999999999999999,11.0,1.0
763,0.8999999999999999,0.7999999999999999,12.0,0.8
764,0.8999999999999999,0.7999999999999999,13.0,0.8
765,0.8999999999999999,0.7999999999999999,14.0,0.8
766,0.8999999999999999,0.7999999999999999,15.0,0.8
767,0.8999999999999999,0.7999999999999999,16.0,0.8
768,0.8999999999999999,0.7999999999999999,17.0,0.8
769,0.8999999999999999,0.7999999999999999,18.0,0.8
770,0.8999999999999999,0.7999999999999999,19.0,0.8
771,0.8999999999999999,0.7999999999999999,20.0,0.8
772,0.8999999999999999,0.7999999999999999,21.0,0.8
773,0.8999999999999999,0.7999999999999999,22.0,0.8
774,0.8999999999999999,0.7999999999999999,23.0,0.8
775,0.8999999999999999,0.7999999999999999,24.0,0.8
776,0.8999999999999999,0.7999999999999999,25.0,0.8
777,0.8999999999999999,0.7999999999999999,26.0,0.8
778,0.8999999999999999,0.7999999999999999,27.0,0.8
779,0.8999999999999999,0.7999999999999999,28.0,0.8
780,0.8999999999999999,0.7999999999999999,29.0,0.8
781,0.8999999999999999,0.8999999999999999,0.0,0.6
782,0.8999999999999999,0.8999999999999999,1.0,1.0
783,0.8999999999999999,0.8999999999999999,2.0,1.0
784,0.8999999999999999,0.8999999999999999,3.0,0.8
785,0.8999999999999999,0.8999999999999999,4.0,1.0
786,0.8999999999999999,0.8999999999999999,5.0,1.0
787,0.8999999999999999,0.8999999999999999,6.0,1.0
788,0.8999999999999999,0.8999999999999999,7.0,1.0
789,0.8999999999999999,0.8999999999999999,8.0,1.0
790,0.8999999999999999,0.8999999999999999,9.0,1.0
791,0.8999999999999999,0.8999999999999999,10.0,1.0
792,0.8999999999999999,0.8999999999999999,11.0,1.0
793,0.8999999999999999,0.8999999999999999,12.0,1.0
794,0.8999999999999999,0.8999999999999999,13.0,1.0
795,0.8999999999999999,0.8999999999999999,14.0,1.0
796,0.8999999999999999,0.8999999999999999,15.0,1.0
797,0.8999999999999999,0.8999999999999999,16.0,1.0
798,0.8999999999999999,0.8999999999999999,17.0,1.0
799,0.8999999999999999,0.8999999999999999,18.0,1.0
800,0.8999999999999999,0.8999999999999999,19.0,1.0
801,0.8999999999999999,0.8999999999999999,20.0,1.0
802,0.8999999999999999,0.8999999999999999,21.0,1.0
803,0.8999999999999999,0.8999999999999999,22.0,1.0
804,0.8999999999999999,0.8999999999999999,23.0,1.0
805,0.8999999999999999,0.8999999999999999,24.0,1.0
806,0.8999999999999999,0.8999999999999999,25.0,1.0
807,0.8999999999999999,0.8999999999999999,26.0,1.0
808,0.8999999999999999,0.8999999999999999,27.0,1.0
809,0.8999999999999999,0.8999999999999999,28.0,1.0
810,0.8999999999999999,0.8999999999999999,29.0,0.8
811,0.8999999999999999,0.9999999999999999,0.0,0.2
812,0.8999999999999999,0.9999999999999999,1.0,0.4
813,0.8999999999999999,0.9999999999999999,2.0,0.4
814,0.8999999999999999,0.9999999999999999,3.0,0.2
815,0.8999999999999999,0.9999999999999999,4.0,0.0
816,0.8999999999999999,0.9999999999999999,5.0,0.2
817,0.8999999999999999,0.9999999999999999,6.0,0.6
818,0.8999999999999999,0.9999999999999999,7.0,0.2
819,0.8999999999999999,0.9999999999999999,8.0,0.4
820,0.8999999999999999,0.9999999999999999,9.0,0.0
821,0.8999999999999999,0.9999999999999999,10.0,0.2
822,0.8999999999999999,0.9999999999999999,11.0,0.0
823,0.8999999999999999,0.9999999999999999,12.0,0.2
824,0.8999999999999999,0.9999999999999999,13.0,0.4
825,0.8999999999999999,0.9999999999999999,14.0,0.2
826,0.8999999999999999,0.9999999999999999,15.0,0.4
827,0.8999999999999999,0.9999999999999999,16.0,0.2
828,0.8999999999999999,0.9999999999999999,17.0,0.2
829,0.8999999999999999,0.9999999999999999,18.0,0.2
830,0.8999999999999999,0.9999999999999999,19.0,0.0
831,0.8999999999999999,0.9999999999999999,20.0,0.4
832,0.8999999999999999,0.9999999999999999,21.0,0.2
833,0.8999999999999999,0.9999999999999999,22.0,0.2
834,0.8999999999999999,0.9999999999999999,23.0,0.2
835,0.8999999999999999,0.9999999999999999,24.0,0.2
836,0.8999999999999999,0.9999999999999999,25.0,0.4
837,0.8999999999999999,0.9999999999999999,26.0,0.2
838,0.8999999999999999,0.9999999999999999,27.0,0.2
839,0.8999999999999999,0.9999999999999999,28.0,0.2
840,0.8999999999999999,0.9999999999999999,29.0,0.0
841,0.9999999999999999,0.7,0.0,0.8
842,0.9999999999999999,0.7,1.0,1.0
843,0.9999999999999999,0.7,2.0,1.0
844,0.9999999999999999,0.7,3.0,1.0
845,0.9999999999999999,0.7,4.0,0.8
846,0.9999999999999999,0.7,5.0,0.8
847,0.9999999999999999,0.7,6.0,0.8
848,0.9999999999999999,0.7,7.0,0.8
849,0.9999999999999999,0.7,8.0,0.8
850,0.9999999999999999,0.7,9.0,0.8
851,0.9999999999999999,0.7,10.0,0.8
852,0.9999999999999999,0.7,11.0,0.8
853,0.9999999999999999,0.7,12.0,0.8
854,0.9999999999999999,0.7,13.0,0.8
855,0.9999999999999999,0.7,14.0,0.8
856,0.9999999999999999,0.7,15.0,0.8
857,0.9999999999999999,0.7,16.0,0.8
858,0.9999999999999999,0.7,17.0,0.8
859,0.9999999999999999,0.7,18.0,0.8
860,0.9999999999999999,0.7,19.0,0.8
861,0.9999999999999999,0.7,20.0,0.8
862,0.9999999999999999,0.7,21.0,0.8
863,0.9999999999999999,0.7,22.0,0.8
864,0.9999999999999999,0.7,23.0,0.8
865,0.9999999999999999,0.7,24.0,0.6
866,0.9999999999999999,0.7,25.0,0.6
867,0.9999999999999999,0.7,26.0,0.6
868,0.9999999999999999,0.7,27.0,0.6
869,0.9999999999999999,0.7,28.0,0.6
870,0.9999999999999999,0.7,29.0,0.6
871,0.9999999999999999,0.7999999999999999,0.0,0.8
872,0.9999999999999999,0.7999999999999999,1.0,1.0
873,0.9999999999999999,0.7999999999999999,2.0,1.0
874,0.9999999999999999,0.7999999999999999,3.0,1.0
875,0.9999999999999999,0.7999999999999999,4.0,1.0
876,0.9999999999999999,0.7999999999999999,5.0,1.0
877,0.9999999999999999,0.7999999999999999,6.0,1.0
878,0.9999999999999999,0.7999999999999999,7.0,1.0
879,0.9999999999999999,0.7999999999999999,8.0,1.0
880,0.9999999999999999,0.7999999999999999,9.0,1.0
881,0.9999999999999999,0.7999999999999999,10.0,1.0
882,0.9999999999999999,0.7999999999999999,11.0,1.0
883,0.9999999999999999,0.7999999999999999,12.0,0.8
884,0.9999999999999999,0.7999999999999999,13.0,0.8
885,0.9999999999999999,0.7999999999999999,14.0,0.8
886,0.9999999999999999,0.7999999999999999,15.0,0.8
887,0.9999999999999999,0.7999999999999999,16.0,0.8
888,0.9999999999999999,0.7999999999999999,17.0,0.8
889,0.9999999999999999,0.7999999999999999,18.0,0.8
890,0.9999999999999999,0.7999999999999999,19.0,0.8
891,0.9999999999999999,0.7999999999999999,20.0,0.8
892,0.9999999999999999,0.7999999999999999,21.0,0.8
893,0.9999999999999999,0.7999999999999999,22.0,0.8
894,0.9999999999999999,0.7999999999999999,23.0,0.8
895,0.9999999999999999,0.7999999999999999,24.0,0.8
896,0.9999999999999999,0.7999999999999999,25.0,0.8
897,0.9999999999999999,0.7999999999999999,26.0,0.8
898,0.9999999999999999,0.7999999999999999,27.0,0.8
899,0.9999999999999999,0.7999999999999999,28.0,0.8
900,0.9999999999999999,0.7999999999999999,29.0,0.8
901,0.9999999999999999,0.8999999999999999,0.0,0.8
902,0.9999999999999999,0.8999999999999999,1.0,1.0
903,0.9999999999999999,0.8999999999999999,2.0,1.0
904,0.9999999999999999,0.8999999999999999,3.0,1.0
905,0.9999999999999999,0.8999999999999999,4.0,1.0
906,0.9999999999999999,0.8999999999999999,5.0,1.0
907,0.9999999999999999,0.8999999999999999,6.0,1.0
908,0.9999999999999999,0.8999999999999999,7.0,1.0
909,0.9999999999999999,0.8999999999999999,8.0,1.0
910,0.9999999999999999,0.8999999999999999,9.0,1.0
911,0.9999999999999999,0.8999999999999999,10.0,1.0
912,0.9999999999999999,0.8999999999999999,11.0,1.0
913,0.9999999999999999,0.8999999999999999,12.0,1.0
914,0.9999999999999999,0.8999999999999999,13.0,1.0
915,0.9999999999999999,0.8999999999999999,14.0,1.0
916,0.9999999999999999,0.8999999999999999,15.0,1.0
917,0.9999999999999999,0.8999999999999999,16.0,1.0
918,0.9999999999999999,0.8999999999999999,17.0,1.0
919,0.9999999999999999,0.8999999999999999,18.0,1.0
920,0.9999999999999999,0.8999999999999999,19.0,1.0
921,0.9999999999999999,0.8999999999999999,20.0,1.0
922,0.9999999999999999,0.8999999999999999,21.0,1.0
923,0.9999999999999999,0.8999999999999999,22.0,1.0
924,0.9999999999999999,0.8999999999999999,23.0,1.0
925,0.9999999999999999,0.8999999999999999,24.0,1.0
926,0.9999999999999999,0.8999999999999999,25.0,1.0
927,0.9999999999999999,0.8999999999999999,26.0,1.0
928,0.9999999999999999,0.8999999999999999,27.0,1.0
929,0.9999999999999999,0.8999999999999999,28.0,1.0
930,0.9999999999999999,0.8999999999999999,29.0,0.8
931,0.9999999999999999,0.9999999999999999,0.0,0.2
932,0.9999999999999999,0.9999999999999999,1.0,0.0
933,0.9999999999999999,0.9999999999999999,2.0,0.0
934,0.9999999999999999,0.9999999999999999,3.0,0.4
935,0.9999999999999999,0.9999999999999999,4.0,0.4
936,0.9999999999999999,0.9999999999999999,5.0,0.0
937,0.9999999999999999,0.9999999999999999,6.0,0.2
938,0.9999999999999999,0.9999999999999999,7.0,0.2
939,0.9999999999999999,0.9999999999999999,8.0,0.2
940,0.9999999999999999,0.9999999999999999,9.0,0.0
941,0.9999999999999999,0.9999999999999999,10.0,0.0
942,0.9999999999999999,0.9999999999999999,11.0,0.2
943,0.9999999999999999,0.9999999999999999,12.0,0.0
944,0.9999999999999999,0.9999999999999999,13.0,0.0
945,0.9999999999999999,0.9999999999999999,14.0,0.0
946,0.9999999999999999,0.9999999999999999,15.0,0.2
947,0.9999999999999999,0.9999999999999999,16.0,0.0
948,0.9999999999999999,0.9999999999999999,17.0,0.0
949,0.9999999999999999,0.9999999999999999,18.0,0.0
950,0.9999999999999999,0.9999999999999999,19.0,0.0
951,0.9999999999999999,0.9999999999999999,20.0,0.0
952,0.9999999999999999,0.9999999999999999,21.0,0.0
953,0.9999999999999999,0.9999999999999999,22.0,0.2
954,0.9999999999999999,0.9999999999999999,23.0,0.2
955,0.9999999999999999,0.9999999999999999,24.0,0.2
956,0.9999999999999999,0.9999999999999999,25.0,0.0
957,0.9999999999999999,0.9999999999999999,26.0,0.0
958,0.9999999999999999,0.9999999999999999,27.0,0.0
959,0.9999999999999999,0.9999999999999999,28.0,0.0
960,0.9999999999999999,0.9999999999999999,29.0,0.0
961,0.7,0.7,0.0,0.6
962,0.7,0.7,1.0,1.0
963,0.7,0.7,2.0,1.0
964,0.7,0.7,3.0,1.0
965,0.7,0.7,4.0,0.8
966,0.7,0.7,5.0,0.8
967,0.7,0.7,6.0,0.8
968,0.7,0.7,7.0,0.8
969,0.7,0.7,8.0,0.8
970,0.7,0.7,9.0,0.8
971,0.7,0.7,10.0,0.8
972,0.7,0.7,11.0,0.8
973,0.7,0.7,12.0,0.8
974,0.7,0.7,13.0,0.8
975,0.7,0.7,14.0,0.8
976,0.7,0.7,15.0,0.8
977,0.7,0.7,16.0,0.8
978,0.7,0.7,17.0,0.8
979,0.7,0.7,18.0,0.8
980,0.7,0.7,19.0,0.8
981,0.7,0.7,20.0,0.8
982,0.7,0.7,21.0,0.8
983,0.7,0.7,22.0,0.8
984,0.7,0.7,23.0,0.8
985,0.7,0.7,24.0,0.6
986,0.7,0.7,25.0,0.6
987,0.7,0.7,26.0,0.6
988,0.7,0.7,27.0,0.6
989,0.7,0.7,28.0,0.6
990,0.7,0.7,29.0,0.6
991,0.7,0.7999999999999999,0.0,0.8
992,0.7,0.7999999999999999,1.0,1.0
993,0.7,0.7999999999999999,2.0,1.0
994,0.7,0.7999999999999999,3.0,1.0
995,0.7,0.7999999999999999,4.0,1.0
996,0.7,0.7999999999999999,5.0,1.0
997,0.7,0.7999999999999999,6.0,1.0
998,0.7,0.7999999999999999,7.0,1.0
999,0.7,0.7999999999999999,8.0,1.0
1000,0.7,0.7999999999999999,9.0,1.0
1001,0.7,0.7999999999999999,10.0,1.0
1002,0.7,0.7999999999999999,11.0,1.0
1003,0.7,0.7999999999999999,12.0,0.8
1004,0.7,0.7999999999999999,13.0,0.8
1005,0.7,0.7999999999999999,14.0,0.8
1006,0.7,0.7999999999999999,15.0,0.8
1007,0.7,0.7999999999999999,16.0,0.8
1008,0.7,0.7999999999999999,17.0,0.8
1009,0.7,0.7999999999999999,18.0,0.8
1010,0.7,0.7999999999999999,19.0,0.8
1011,0.7,0.7999999999999999,20.0,0.8
1012,0.7,0.7999999999999999,21.0,0.8
1013,0.7,0.7999999999999999,22.0,0.8
1014,0.7,0.7999999999999999,23.0,0.8
1015,0.7,0.7999999999999999,24.0,0.8
1016,0.7,0.7999999999999999,25.0,0.8
1017,0.7,0.7999999999999999,26.0,0.8
1018,0.7,0.7999999999999999,27.0,0.8
1019,0.7,0.7999999999999999,28.0,0.8
1020,0.7,0.7999999999999999,29.0,0.8
1021,0.7,0.8999999999999999,0.0,0.8
1022,0.7,0.8999999999999999,1.0,0.8
1023,0.7,0.8999999999999999,2.0,0.8
1024,0.7,0.8999999999999999,3.0,1.0
1025,0.7,0.8999999999999999,4.0,0.8
1026,0.7,0.8999999999999999,5.0,1.0
1027,0.7,0.8999999999999999,6.0,0.8
1028,0.7,0.8999999999999999,7.0,0.8
1029,0.7,0.8999999999999999,8.0,1.0
1030,0.7,0.8999999999999999,9.0,0.8
1031,0.7,0.8999999999999999,10.0,1.0
1032,0.7,0.8999999999999999,11.0,0.8
1033,0.7,0.8999999999999999,12.0,0.8
1034,0.7,0.8999999999999999,13.0,1.0
1035,0.7,0.8999999999999999,14.0,1.0
1036,0.7,0.8999999999999999,15.0,1.0
1037,0.7,0.8999999999999999,16.0,0.8
1038,0.7,0.8999999999999999,17.0,1.0
1039,0.7,0.8999999999999999,18.0,1.0
1040,0.7,0.8999999999999999,19.0,1.0
1041,0.7,0.8999999999999999,20.0,1.0
1042,0.7,0.8999999999999999,21.0,1.0
1043,0.7,0.8999999999999999,22.0,1.0
1044,0.7,0.8999999999999999,23.0,0.8
1045,0.7,0.8999999999999999,24.0,1.0
1046,0.7,0.8999999999999999,25.0,0.8
1047,0.7,0.8999999999999999,26.0,0.8
1048,0.7,0.8999999999999999,27.0,0.8
1049,0.7,0.8999999999999999,28.0,0.8
1050,0.7,0.8999999999999999,29.0,0.8
1051,0.7,0.9999999999999999,0.0,0.2
1052,0.7,0.9999999999999999,1.0,0.6
1053,0.7,0.9999999999999999,2.0,0.4
1054,0.7,0.9999999999999999,3.0,0.2
1055,0.7,0.9999999999999999,4.0,0.6
1056,0.7,0.9999999999999999,5.0,0.4
1057,0.7,0.9999999999999999,6.0,0.4
1058,0.7,0.9999999999999999,7.0,0.6
1059,0.7,0.9999999999999999,8.0,0.6
1060,0.7,0.9999999999999999,9.0,0.2
1061,0.7,0.9999999999999999,10.0,0.2
1062,0.7,0.9999999999999999,11.0,0.2
1063,0.7,0.9999999999999999,12.0,0.2
1064,0.7,0.9999999999999999,13.0,0.6
1065,0.7,0.9999999999999999,14.0,0.4
1066,0.7,0.9999999999999999,15.0,0.4
1067,0.7,0.9999999999999999,16.0,0.0
1068,0.7,0.9999999999999999,17.0,0.2
1069,0.7,0.9999999999999999,18.0,0.6
1070,0.7,0.9999999999999999,19.0,0.4
1071,0.7,0.9999999999999999,20.0,0.4
1072,0.7,0.9999999999999999,21.0,0.0
1073,0.7,0.9999999999999999,22.0,0.2
1074,0.7,0.9999999999999999,23.0,0.4
1075,0.7,0.9999999999999999,24.0,0.2
1076,0.7,0.9999999999999999,25.0,0.2
1077,0.7,0.9999999999999999,26.0,0.4
1078,0.7,0.9999999999999999,27.0,0.4
1079,0.7,0.9999999999999999,28.0,0.2
1080,0.7,0.9999999999999999,29.0,0.2
1081,0.7999999999999999,0.7,0.0,0.8
1082,0.7999999999999999,0.7,1.0,1.0
1083,0.7999999999999999,0.7,2.0,1.0
1084,0.7999999999999999,0.7,3.0,1.0
1085,0.7999999999999999,0.7,4.0,0.8
1086,0.7999999999999999,0.7,5.0,0.8
1087,0.7999999999999999,0.7,6.0,0.8
1088,0.7999999999999999,0.7,7.0,0.8
1089,0.7999999999999999,0.7,8.0,0.8
1090,0.7999999999999999,0.7,9.0,0.8
1091,0.7999999999999999,0.7,10.0,0.8
1092,0.7999999999999999,0.7,11.0,0.8
1093,0.7999999999999999,0.7,12.0,0.8
1094,0.7999999999999999,0.7,13.0,0.8
1095,0.7999999999999999,0.7,14.0,0.8
1096,0.7999999999999999,0.7,15.0,0.8
1097,0.7999999999999999,0.7,16.0,0.8
1098,0.7999999999999999,0.7,17.0,0.8
1099,0.7999999999999999,0.7,18.0,0.8
1100,0.7999999999999999,0.7,19.0,0.8
1101,0.7999999999999999,0.7,20.0,0.8
1102,0.7999999999999999,0.7,21.0,0.8
1103,0.7999999999999999,0.7,22.0,0.8
1104,0.7999999999999999,0.7,23.0,0.8
1105,0.7999999999999999,0.7,24.0,0.6
1106,0.7999999999999999,0.7,25.0,0.6
1107,0.7999999999999999,0.7,26.0,0.6
1108,0.7999999999999999,0.7,27.0,0.6
1109,0.7999999999999999,0.7,28.0,0.6
1110,0.7999999999999999,0.7,29.0,0.6
1111,0.7999999999999999,0.7999999999999999,0.0,0.6
1112,0.7999999999999999,0.7999999999999999,1.0,1.0
1113,0.7999999999999999,0.7999999999999999,2.0,1.0
1114,0.7999999999999999,0.7999999999999999,3.0,1.0
1115,0.7999999999999999,0.7999999999999999,4.0,1.0
1116,0.7999999999999999,0.7999999999999999,5.0,1.0
1117,0.7999999999999999,0.7999999999999999,6.0,1.0
1118,0.7999999999999999,0.7999999999999999,7.0,1.0
1119,0.7999999999999999,0.7999999999999999,8.0,1.0
1120,0.7999999999999999,0.7999999999999999,9.0,1.0
1121,0.7999999999999999,0.7999999999999999,10.0,1.0
1122,0.7999999999999999,0.7999999999999999,11.0,1.0
1123,0.7999999999999999,0.7999999999999999,12.0,0.8
1124,0.7999999999999999,0.7999999999999999,13.0,0.8
1125,0.7999999999999999,0.7999999999999999,14.0,0.8
1126,0.7999999999999999,0.7999999999999999,15.0,0.8
1127,0.7999999999999999,0.7999999999999999,16.0,0.8
1128,0.7999999999999999,0.7999999999999999,17.0,0.8
1129,0.7999999999999999,0.7999999999999999,18.0,0.8
1130,0.7999999999999999,0.7999999999999999,19.0,0.8
1131,0.7999999999999999,0.7999999999999999,20.0,0.8
1132,0.7999999999999999,0.7999999999999999,21.0,0.8
1133,0.7999999999999999,0.7999999999999999,22.0,0.8
1134,0.7999999999999999,0.7999999999999999,23.0,0.8
1135,0.7999999999999999,0.7999999999999999,24.0,0.8
1136,0.7999999999999999,0.7999999999999999,25.0,0.8
1137,0.7999999999999999,0.7999999999999999,26.0,0.8
1138,0.7999999999999999,0.7999999999999999,27.0,0.8
1139,0.7999999999999999,0.7999999999999999,28.0,0.8
1140,0.7999999999999999,0.7999999999999999,29.0,0.8
1141,0.7999999999999999,0.8999999999999999,0.0,0.6
1142,0.7999999999999999,0.8999999999999999,1.0,0.8
1143,0.7999999999999999,0.8999999999999999,2.0,1.0
1144,0.7999999999999999,0.8999999999999999,3.0,1.0
1145,0.7999999999999999,0.8999999999999999,4.0,1.0
1146,0.7999999999999999,0.8999999999999999,5.0,0.8
1147,0.7999999999999999,0.8999999999999999,6.0,1.0
1148,0.7999999999999999,0.8999999999999999,7.0,1.0
1149,0.7999999999999999,0.8999999999999999,8.0,1.0
1150,0.7999999999999999,0.8999999999999999,9.0,1.0
1151,0.7999999999999999,0.8999999999999999,10.0,0.8
1152,0.7999999999999999,0.8999999999999999,11.0,1.0
1153,0.7999999999999999,0.8999999999999999,12.0,1.0
1154,0.7999999999999999,0.8999999999999999,13.0,1.0
1155,0.7999999999999999,0.8999999999999999,14.0,1.0
1156,0.7999999999999999,0.8999999999999999,15.0,1.0
1157,0.7999999999999999,0.8999999999999999,16.0,1.0
1158,0.7999999999999999,0.8999999999999999,17.0,1.0
1159,0.7999999999999999,0.8999999999999999,18.0,1.0
1160,0.7999999999999999,0.8999999999999999,19.0,1.0
1161,0.7999999999999999,0.8999999999999999,20.0,1.0
1162,0.7999999999999999,0.8999999999999999,21.0,0.8
1163,0.7999999999999999,0.8999999999999999,22.0,1.0
1164,0.7999999999999999,0.8999999999999999,23.0,1.0
1165,0.7999999999999999,0.8999999999999999,24.0,1.0
1166,0.7999999999999999,0.8999999999999999,25.0,1.0
1167,0.7999999999999999,0.8999999999999999,26.0,1.0
1168,0.7999999999999999,0.8999999999999999,27.0,0.8
1169,0.7999999999999999,0.8999999999999999,28.0,1.0
1170,0.7999999999999999,0.8999999999999999,29.0,0.8
1171,0.7999999999999999,0.9999999999999999,0.0,0.4
1172,0.7999999999999999,0.9999999999999999,1.0,0.2
1173,0.7999999999999999,0.9999999999999999,2.0,0.2
1174,0.7999999999999999,0.9999999999999999,3.0,0.4
1175,0.7999999999999999,0.9999999999999999,4.0,0.4
1176,0.7999999999999999,0.9999999999999999,5.0,0.2
1177,0.7999999999999999,0.9999999999999999,6.0,0.2
1178,0.7999999999999999,0.9999999999999999,7.0,0.6
1179,0.7999999999999999,0.9999999999999999,8.0,0.4
1180,0.7999999999999999,0.9999999999999999,9.0,0.4
1181,0.7999999999999999,0.9999999999999999,10.0,0.6
1182,0.7999999999999999,0.9999999999999999,11.0,0.2
1183,0.7999999999999999,0.9999999999999999,12.0,0.2
1184,0.7999999999999999,0.9999999999999999,13.0,0.2
1185,0.7999999999999999,0.9999999999999999,14.0,0.2
1186,0.7999999999999999,0.9999999999999999,15.0,0.6
1187,0.7999999999999999,0.9999999999999999,16.0,0.2
1188,0.7999999999999999,0.9999999999999999,17.0,0.2
1189,0.7999999999999999,0.9999999999999999,18.0,0.2
1190,0.7999999999999999,0.9999999999999999,19.0,0.2
1191,0.7999999999999999,0.9999999999999999,20.0,0.0
1192,0.7999999999999999,0.9999999999999999,21.0,0.2
1193,0.7999999999999999,0.9999999999999999,22.0,0.2
1194,0.7999999999999999,0.9999999999999999,23.0,0.2
1195,0.7999999999999999,0.9999999999999999,24.0,0.2
1196,0.7999999999999999,0.9999999999999999,25.0,0.2
1197,0.7999999999999999,0.9999999999999999,26.0,0.4
1198,0.7999999999999999,0.9999999999999999,27.0,0.6
1199,0.7999999999999999,0.9999999999999999,28.0,0.4
1200,0.7999999999999999,0.9999999999999999,29.0,0.4
1201,0.8999999999999999,0.7,0.0,0.8
1202,0.8999999999999999,0.7,1.0,1.0
1203,0.8999999999999999,0.7,2.0,1.0
1204,0.8999999999999999,0.7,3.0,1.0
1205,0.8999999999999999,0.7,4.0,0.8
1206,0.8999999999999999,0.7,5.0,0.8
1207,0.8999999999999999,0.7,6.0,0.8
1208,0.8999999999999999,0.7,7.0,0.8
1209,0.8999999999999999,0.7,8.0,0.8
1210,0.8999999999999999,0.7,9.0,0.8
1211,0.8999999999999999,0.7,10.0,0.8
1212,0.8999999999999999,0.7,11.0,0.8
1213,0.8999999999999999,0.7,12.0,0.8
1214,0.8999999999999999,0.7,13.0,0.8
1215,0.8999999999999999,0.7,14.0,0.8
1216,0.8999999999999999,0.7,15.0,0.8
1217,0.8999999999999999,0.7,16.0,0.8
1218,0.8999999999999999,0.7,17.0,0.8
1219,0.8999999999999999,0.7,18.0,0.8
1220,0.8999999999999999,0.7,19.0,0.8
1221,0.8999999999999999,0.7,20.0,0.8
1222,0.8999999999999999,0.7,21.0,0.8
1223,0.8999999999999999,0.7,22.0,0.8
1224,0.8999999999999999,0.7,23.0,0.8
1225,0.8999999999999999,0.7,24.0,0.6
1226,0.8999999999999999,0.7,25.0,0.6
1227,0.8999999999999999,0.7,26.0,0.6
1228,0.8999999999999999,0.7,27.0,0.6
1229,0.8999999999999999,0.7,28.0,0.6
1230,0.8999999999999999,0.7,29.0,0.6
1231,0.8999999999999999,0.7999999999999999,0.0,0.8
1232,0.8999999999999999,0.7999999999999999,1.0,1.0
1233,0.8999999999999999,0.7999999999999999,2.0,1.0
1234,0.8999999999999999,0.7999999999999999,3.0,1.0
1235,0.8999999999999999,0.7999999999999999,4.0,1.0
1236,0.8999999999999999,0.7999999999999999,5.0,1.0
1237,0.8999999999999999,0.7999999999999999,6.0,1.0
1238,0.8999999999999999,0.7999999999999999,7.0,1.0
1239,0.8999999999999999,0.7999999999999999,8.0,1.0
1240,0.8999999999999999,0.7999999999999999,9.0,1.0
1241,0.8999999999999999,0.7999999999999999,10.0,1.0
1242,0.8999999999999999,0.7999999999999999,11.0,1.0
1243,0.8999999999999999,0.7999999999999999,12.0,0.8
1244,0.8999999999999999,0.7999999999999999,13.0,0.8
1245,0.8999999999999999,0.7999999999999999,14.0,0.8
1246,0.8999999999999999,0.7999999999999999,15.0,0.8
1247,0.8999999999999999,0.7999999999999999,16.0,0.8
1248,0.8999999999999999,0.7999999999999999,17.0,0.8
1249,0.8999999999999999,0.7999999999999999,18.0,0.8
1250,0.8999999999999999,0.7999999999999999,19.0,0.8
1251,0.8999999999999999,0.7999999999999999,20.0,0.8
1252,0.8999999999999999,0.7999999999999999,21.0,0.8
1253,0.8999999999999999,0.7999999999999999,22.0,0.8
1254,0.8999999999999999,0.7999999999999999,23.0,0.8
1255,0.8999999999999999,0.7999999999999999,24.0,0.8
1256,0.8999999999999999,0.7999999999999999,25.0,0.8
1257,0.8999999999999999,0.7999999999999999,26.0,0.8
1258,0.8999999999999999,0.7999999999999999,27.0,0.8
1259,0.8999999999999999,0.7999999999999999,28.0,0.8
1260,0.8999999999999999,0.7999999999999999,29.0,0.8
1261,0.8999999999999999,0.8999999999999999,0.0,1.0
1262,0.8999999999999999,0.8999999999999999,1.0,1.0
1263,0.8999999999999999,0.8999999999999999,2.0,0.8
1264,0.8999999999999999,0.8999999999999999,3.0,1.0
1265,0.8999999999999999,0.8999999999999999,4.0,1.0
1266,0.8999999999999999,0.8999999999999999,5.0,1.0
1267,0.8999999999999999,0.8999999999999999,6.0,1.0
1268,0.8999999999999999,0.8999999999999999,7.0,1.0
1269,0.8999999999999999,0.8999999999999999,8.0,1.0
1270,0.8999999999999999,0.8999999999999999,9.0,1.0
1271,0.8999999999999999,0.8999999999999999,10.0,1.0
1272,0.8999999999999999,0.8999999999999999,11.0,0.8
1273,0.8999999999999999,0.8999999999999999,12.0,1.0
1274,0.8999999999999999,0.8999999999999999,13.0,1.0
1275,0.8999999999999999,0.8999999999999999,14.0,1.0
1276,0.8999999999999999,0.8999999999999999,15.0,1.0
1277,0.8999999999999999,0.8999999999999999,16.0,1.0
1278,0.8999999999999999,0.8999999999999999,17.0,1.0
1279,0.8999999999999999,0.8999999999999999,18.0,1.0
1280,0.8999999999999999,0.8999999999999999,19.0,1.0
1281,0.8999999999999999,0.8999999999999999,20.0,1.0
1282,0.8999999999999999,0.8999999999999999,21.0,1.0
1283,0.8999999999999999,0.8999999999999999,22.0,1.0
1284,0.8999999999999999,0.8999999999999999,23.0,1.0
1285,0.8999999999999999,0.8999999999999999,24.0,1.0
1286,0.8999999999999999,0.8999999999999999,25.0,1.0
1287,0.8999999999999999,0.8999999999999999,26.0,1.0
1288,0.8999999999999999,0.8999999999999999,27.0,1.0
1289,0.8999999999999999,0.8999999999999999,28.0,1.0
1290,0.8999999999999999,0.8999999999999999,29.0,1.0
1291,0.8999999999999999,0.9999999999999999,0.0,0.2
1292,0.8999999999999999,0.9999999999999999,1.0,0.4
1293,0.8999999999999999,0.9999999999999999,2.0,0.4
1294,0.8999999999999999,0.9999999999999999,3.0,0.4
1295,0.8999999999999999,0.9999999999999999,4.0,0.4
1296,0.8999999999999999,0.9999999999999999,5.0,0.4
1297,0.8999999999999999,0.9999999999999999,6.0,0.0
1298,0.8999999999999999,0.9999999999999999,7.0,0.0
1299,0.8999999999999999,0.9999999999999999,8.0,0.2
1300,0.8999999999999999,0.9999999999999999,9.0,0.2
1301,0.8999999999999999,0.9999999999999999,10.0,0.2
1302,0.8999999999999999,0.9999999999999999,11.0,0.2
1303,0.8999999999999999,0.9999999999999999,12.0,0.2
1304,0.8999999999999999,0.9999999999999999,13.0,0.4
1305,0.8999999999999999,0.9999999999999999,14.0,0.0
1306,0.8999999999999999,0.9999999999999999,15.0,0.0
1307,0.8999999999999999,0.9999999999999999,16.0,0.2
1308,0.8999999999999999,0.9999999999999999,17.0,0.2
1309,0.8999999999999999,0.9999999999999999,18.0,0.2
1310,0.8999999999999999,0.9999999999999999,19.0,0.2
1311,0.8999999999999999,0.9999999999999999,20.0,0.2
1312,0.8999999999999999,0.9999999999999999,21.0,0.2
1313,0.8999999999999999,0.9999999999999999,22.0,0.2
1314,0.8999999999999999,0.9999999999999999,23.0,0.0
1315,0.8999999999999999,0.9999999999999999,24.0,0.2
1316,0.8999999999999999,0.9999999999999999,25.0,0.2
1317,0.8999999999999999,0.9999999999999999,26.0,0.2
1318,0.8999999999999999,0.9999999999999999,27.0,0.4
1319,0.8999999999999999,0.9999999999999999,28.0,0.0
1320,0.8999999999999999,0.9999999999999999,29.0,0.4
1321,0.9999999999999999,0.7,0.0,0.8
1322,0.9999999999999999,0.7,1.0,1.0
1323,0.9999999999999999,0.7,2.0,1.0
1324,0.9999999999999999,0.7,3.0,1.0
1325,0.9999999999999999,0.7,4.0,0.8
1326,0.9999999999999999,0.7,5.0,0.8
1327,0.9999999999999999,0.7,6.0,0.8
1328,0.9999999999999999,0.7,7.0,0.8
1329,0.9999999999999999,0.7,8.0,0.8
1330,0.9999999999999999,0.7,9.0,0.8
1331,0.9999999999999999,0.7,10.0,0.8
1332,0.9999999999999999,0.7,11.0,0.8
1333,0.9999999999999999,0.7,12.0,0.8
1334,0.9999999999999999,0.7,13.0,0.8
1335,0.9999999999999999,0.7,14.0,0.8
1336,0.9999999999999999,0.7,15.0,0.8
1337,0.9999999999999999,0.7,16.0,0.8
1338,0.9999999999999999,0.7,17.0,0.8
1339,0.9999999999999999,0.7,18.0,0.8
1340,0.9999999999999999,0.7,19.0,0.8
1341,0.9999999999999999,0.7,20.0,0.8
1342,0.9999999999999999,0.7,21.0,0.8
1343,0.9999999999999999,0.7,22.0,0.8
1344,0.9999999999999999,0.7,23.0,0.8
1345,0.9999999999999999,0.7,24.0,0.6
1346,0.9999999999999999,0.7,25.0,0.6
1347,0.9999999999999999,0.7,26.0,0.6
1348,0.9999999999999999,0.7,27.0,0.6
1349,0.9999999999999999,0.7,28.0,0.6
1350,0.9999999999999999,0.7,29.0,0.6
1351,0.9999999999999999,0.7999999999999999,0.0,0.8
1352,0.9999999999999999,0.7999999999999999,1.0,1.0
1353,0.9999999999999999,0.7999999999999999,2.0,1.0
1354,0.9999999999999999,0.7999999999999999,3.0,1.0
1355,0.9999999999999999,0.7999999999999999,4.0,1.0
1356,0.9999999999999999,0.7999999999999999,5.0,1.0
1357,0.9999999999999999,0.7999999999999999,6.0,1.0
1358,0.9999999999999999,0.7999999999999999,7.0,1.0
1359,0.9999999999999999,0.7999999999999999,8.0,1.0
1360,0.9999999999999999,0.7999999999999999,9.0,1.0
1361,0.9999999999999999,0.7999999999999999,10.0,1.0
1362,0.9999999999999999,0.7999999999999999,11.0,1.0
1363,0.9999999999999999,0.7999999999999999,12.0,0.8
1364,0.9999999999999999,0.7999999999999999,13.0,0.8
1365,0.9999999999999999,0.7999999999999999,14.0,0.8
1366,0.9999999999999999,0.7999999999999999,15.0,0.8
1367,0.9999999999999999,0.7999999999999999,16.0,0.8
1368,0.9999999999999999,0.7999999999999999,17.0,0.8
1369,0.9999999999999999,0.7999999999999999,18.0,0.8
1370,0.9999999999999999,0.7999999999999999,19.0,0.8
1371,0.9999999999999999,0.7999999999999999,20.0,0.8
1372,0.9999999999999999,0.7999999999999999,21.0,0.8
1373,0.9999999999999999,0.7999999999999999,22.0,0.8
1374,0.9999999999999999,0.7999999999999999,23.0,0.8
1375,0.9999999999999999,0.7999999999999999,24.0,0.8
1376,0.9999999999999999,0.7999999999999999,25.0,0.8
1377,0.9999999999999999,0.7999999999999999,26.0,0.8
1378,0.9999999999999999,0.7999999999999999,27.0,0.8
1379,0.9999999999999999,0.7999999999999999,28.0,0.8
1380,0.9999999999999999,0.7999999999999999,29.0,0.8
1381,0.9999999999999999,0.8999999999999999,0.0,0.8
1382,0.9999999999999999,0.8999999999999999,1.0,1.0
1383,0.9999999999999999,0.8999999999999999,2.0,1.0
1384,0.9999999999999999,0.8999999999999999,3.0,1.0
1385,0.9999999999999999,0.8999999999999999,4.0,1.0
1386,0.9999999999999999,0.8999999999999999,5.0,1.0
1387,0.9999999999999999,0.8999999999999999,6.0,1.0
1388,0.9999999999999999,0.8999999999999999,7.0,1.0
1389,0.9999999999999999,0.8999999999999999,8.0,1.0
1390,0.9999999999999999,0.8999999999999999,9.0,1.0
1391,0.9999999999999999,0.8999999999999999,10.0,1.0
1392,0.9999999999999999,0.8999999999999999,11.0,1.0
1393,0.9999999999999999,0.8999999999999999,12.0,1.0
1394,0.9999999999999999,0.8999999999999999,13.0,1.0
1395,0.9999999999999999,0.8999999999999999,14.0,1.0
1396,0.9999999999999999,0.8999999999999999,15.0,1.0
1397,0.9999999999999999,0.8999999999999999,16.0,1.0
1398,0.9999999999999999,0.8999999999999999,17.0,1.0
1399,0.9999999999999999,0.8999999999999999,18.0,1.0
1400,0.9999999999999999,0.8999999999999999,19.0,1.0
1401,0.9999999999999999,0.8999999999999999,20.0,1.0
1402,0.9999999999999999,0.8999999999999999,21.0,1.0
1403,0.9999999999999999,0.8999999999999999,22.0,1.0
1404,0.9999999999999999,0.8999999999999999,23.0,1.0
1405,0.9999999999999999,0.8999999999999999,24.0,1.0
1406,0.9999999999999999,0.8999999999999999,25.0,1.0
1407,0.9999999999999999,0.8999999999999999,26.0,1.0
1408,0.9999999999999999,0.8999999999999999,27.0,1.0
1409,0.9999999999999999,0.8999999999999999,28.0,1.0
1410,0.9999999999999999,0.8999999999999999,29.0,0.8
1411,0.9999999999999999,0.9999999999999999,0.0,0.2
1412,0.9999999999999999,0.9999999999999999,1.0,0.2
1413,0.9999999999999999,0.9999999999999999,2.0,0.0
1414,0.9999999999999999,0.9999999999999999,3.0,0.2
1415,0.9999999999999999,0.9999999999999999,4.0,0.0
1416,0.9999999999999999,0.9999999999999999,5.0,0.0
1417,0.9999999999999999,0.9999999999999999,6.0,0.0
1418,0.9999999999999999,0.9999999999999999,7.0,0.2
1419,0.9999999999999999,0.9999999999999999,8.0,0.2
1420,0.9999999999999999,0.9999999999999999,9.0,0.0
1421,0.9999999999999999,0.9999999999999999,10.0,0.2
1422,0.9999999999999999,0.9999999999999999,11.0,0.0
1423,0.9999999999999999,0.9999999999999999,12.0,0.0
1424,0.9999999999999999,0.9999999999999999,13.0,0.0
1425,0.9999999999999999,0.9999999999999999,14.0,0.2
1426,0.9999999999999999,0.9999999999999999,15.0,0.0
1427,0.9999999999999999,0.9999999999999999,16.0,0.2
1428,0.9999999999999999,0.9999999999999999,17.0,0.2
1429,0.9999999999999999,0.9999999999999999,18.0,0.2
1430,0.9999999999999999,0.9999999999999999,19.0,0.2
1431,0.9999999999999999,0.9999999999999999,20.0,0.0
1432,0.9999999999999999,0.9999999999999999,21.0,0.0
1433,0.9999999999999999,0.9999999999999999,22.0,0.2
1434,0.9999999999999999,0.9999999999999999,23.0,0.0
1435,0.9999999999999999,0.9999999999999999,24.0,0.0
1436,0.9999999999999999,0.9999999999999999,25.0,0.0
1437,0.9999999999999999,0.9999999999999999,26.0,0.0
1438,0.9999999999999999,0.9999999999999999,27.0,0.2
1439,0.9999999999999999,0.9999999999999999,28.0,0.0
1440,0.9999999999999999,0.9999999999999999,29.0,0.0
